Code,Name,Latitude,Longitude,Closest_Name,Closest_Latitude,Closest_Longitude,Distance_km
SO_0326,미조항,34.706389,128.048611,남해,34.6967,127.9922,5.09
SO_0536,덕적도,37.227778,126.157778,덕적도,37.2361,126.0188,12.16
SO_0537,벽파진,34.539444,126.346111,진도,34.3777,126.3086,18.27
SO_0538,안마도,35.345556,126.016111,법성포,35.352,126.3874,33
SO_0539,강화외포,37.700833,126.3725,볼음도,37.6128,126.1347,22.09
SO_0540,호산항,37.176111,129.342778,맹방,37.4013,129.2292,27.53
SO_0543,서거차도,34.253611,125.917778,맹골수도,34.2263,125.9537,4.31
SO_0547,말도,35.855278,126.318333,말도,35.85391,126.31797,0.16
SO_0548,우이도,34.620556,125.856667,칠발도,34.7933,125.7769,21.36
SO_0550,나로도,34.463056,127.453889,나로도,34.432,127.5893,11.95
SO_0551,여서도,33.988056,126.923333,청산도,34.1387,126.7422,23.44
SO_0552,고현항,34.901944,128.622222,통영,34.3917,128.225,66.86
SO_0553,해운대,35.160278,129.1915,오륙도,35.091,129.127,9.94
SO_0554,영종왕산,37.458056,126.358889,장봉도,37.4912,126.354,3.59
SO_0555,서망항,34.366667,126.134167,조도,34.286,126.115,9.28
SO_0562,승봉도,37.169722,126.290556,이작도,37.1658,126.2067,7.33
SO_0563,울도,37.035556,125.995,굴업도,37.194444,125.995,17.67
SO_0564,국화도,37.060556,126.560556,평택,36.963889,126.824722,23.95
SO_0565,향화도항,35.167778,126.359444,법성포,35.352,126.3874,20.66
SO_0566,송공항,34.848333,126.225278,신안,34.733333,126.241667,12.83
SO_0567,쉬미항,34.504722,126.183611,지산,34.44957,126.1184,8.84
SO_0568,백야도,34.624444,127.632222,여수,34.744167,127.768056,17.63
SO_0569,남포항,34.957778,128.321667,사량도,34.861,128.1395,20.08
SO_0570,광암항,35.1025,128.498889,마산,35.196944,128.58,13.06
SO_0571,거제외포,34.939444,128.718056,이수도,34.971667,128.758333,4.88
SO_0572,읍천항,35.690833,129.475556,이덕서,35.5667,129.475,13.8
SO_0573,양포항,35.881389,129.5275,구룡포,35.95183,129.54965,7.97
SO_0574,백사장항,36.586389,126.315,안면도,36.5372,126.2975,5.61
SO_0576,화봉리,34.661111,126.256944,신안,34.733333,126.241667,8.16
SO_0577,가거도,34.050833,125.128889,가거도,34.0275,125.214722,7.73
SO_0578,소매물도,34.621944,128.548056,연화도,34.6733,128.3658,17.47
SO_0581,강양항,35.39,129.344722,간절곶,35.3667,129.3752,3.53
SO_0631,암태도,34.853056,126.071389,자은,34.91917,125.86806,19.57
SO_0699,천리포항,36.803889,126.146944,안흥,36.67,126.135,14.86
SO_0701,홍도항,34.681111,125.195,홍도,34.746667,125.245556,8.49
SO_0702,진도옥도,34.350833,126.018611,조도,34.286,126.115,10.46
SO_0703,땅끝항,34.298889,126.531111,해남,34.3157,126.5145,2.45
SO_0704,소안항,34.15,126.631944,청산도,34.1387,126.7422,9.12
SO_0705,마량항,34.448889,126.821944,완도,34.3125,126.761389,16.03
SO_0706,청산도,34.180833,126.856111,청산도,34.1387,126.7422,10.39
SO_0707,시산항,34.394444,127.261667,고흥,34.476667,127.3475,11.8
SO_0708,안도항,34.479722,127.797778,금오도,34.5667,127.7765,9.94
SO_0709,두문포,34.643611,127.7975,금오도,34.5667,127.7765,8.83
SO_0710,봉우항,34.932778,127.9275,삼천포,34.924056,128.069722,12.43
SO_0711,창선도,34.840556,128.019444,삼천포,34.924056,128.069722,10.39
SO_0712,능양항,34.812222,128.245,사량도,34.861,128.1395,11.23
SO_0731,대진항,38.501389,128.426167,고성,38.31722,128.639167,27.87
SO_0732,남애항,37.944222,128.788333,연곡,37.8672,128.8857,12.39
SO_0733,강릉항,37.772278,128.951333,강릉,37.7968,129.0615,9.44
SO_0734,궁촌항,37.327806,129.270028,맹방,37.4013,129.2292,8.65
SO_0735,죽변항,37.054833,129.423917,죽변,37.10278,129.45944,6.22
SO_0736,축산항,36.509944,129.448139,영덕,36.33874,129.38274,19.95
SO_0737,강구항,36.358583,129.391306,영덕,36.33874,129.38274,2.37
SO_0738,여호항,34.661556,127.469556,고흥,34.476667,127.3475,23.63
SO_0739,도장항,34.367306,127.011972,완도,34.3125,126.761389,23.32
SO_0740,보옥항,34.129,126.513556,해남,34.3157,126.5145,20.76
SO_0752,검산항,35,126.107778,대치마도,35.0172,126.0315,6.64
SO_0753,하의도웅곡,34.608333,126.038611,신안,34.733333,126.241667,22.84
SO_0754,평호리,34.448056,126.455,해남,34.3157,126.5145,15.82
SO_0755,원동항,34.393889,126.648611,완도,34.3125,126.761389,13.06
SO_0756,사초항,34.470278,126.761111,완도,34.3125,126.761389,17.55
SO_0757,안남리,34.730278,127.264444,고흥,34.476667,127.3475,29.8
SO_0758,달천도,34.761667,127.563056,여수,34.744167,127.768056,17.81
SO_0759,장문리,34.873611,128.424167,통영,34.3917,128.225,57.06
SO_0760,오산항,36.888889,129.416111,후포,36.674444,129.455556,23.96
SO_0761,녹동항,34.527028,127.134528,고흥,34.476667,127.3475,18.51
DT_0001,인천,37.451944,126.592222,인천(송도),37.3381,126.5861,12.67
DT_0002,평택,36.966944,126.822778,평택,36.963889,126.824722,0.36
DT_0003,영광,35.426111,126.420556,법성포,35.352,126.3874,8.44
DT_0004,제주,33.5275,126.543056,제주,33.524167,126.545278,0.4
DT_0005,부산,35.096389,129.035278,부산,35.093056,129.0375,0.38
DT_0006,묵호,37.550278,129.116389,묵호,37.5475,129.118611,0.34
DT_0007,목포,34.779722,126.375556,목포,34.778056,126.3925,1.48
DT_0008,안산,37.192222,126.647222,안산,37.189444,126.649722,0.35
DT_0009,포항,36.047222,129.383889,포항,36.35,129.7833,47.74
DT_0010,서귀포,33.24,126.561667,중문,33.2255,126.3933,14.73
DT_0011,후포,36.6775,129.453056,후포,36.674444,129.455556,0.35
DT_0012,속초,38.207222,128.594167,속초,38.204444,128.596667,0.33
DT_0013,울릉도,37.491389,130.913611,울릉읍,37.4715,130.9005,2.45
DT_0014,통영,34.827778,128.434722,마산,35.196944,128.58,42.87
DT_0015,마산,35.21,128.588889,마산,35.196944,128.58,1.5
DT_0016,여수,34.747222,127.765556,여수,34.744167,127.768056,0.37
DT_0017,대산,37.0075,126.352778,대산,37.004722,126.354444,0.34
DT_0018,군산,35.975556,126.563056,군산외항,35.968333,126.626667,5.56
DT_0019,가덕도,35.024167,128.810833,가덕도,35.021667,128.813056,0.31
DT_0020,울산,35.501944,129.387222,울산,35.3453,129.8414,44.2
DT_0021,추자도,33.961944,126.300278,추자도,33.79361,126.1411,23.33
DT_0022,성산포,33.474722,126.927778,성산포,33.475,126.927778,0.03
DT_0023,모슬포,33.214444,126.251111,모슬포,33.214444,126.251111,0
DT_0024,장항,36.006944,126.6875,장항,36.006944,126.6875,0
DT_0025,보령,36.406389,126.486111,보령,36.403056,126.488056,0.42
DT_0026,고흥발포,34.481111,127.342778,고흥,34.476667,127.3475,0.63
DT_0027,완도,34.315556,126.759722,완도,34.3125,126.761389,0.35
DT_0028,진도,34.377778,126.308611,진도,34.3777,126.3086,0.01
DT_0029,거제도,34.801389,128.699167,지심도,34.827778,128.775,7.15
DT_0030,위도,35.618056,126.301667,위도,35.6153,126.3039,0.33
DT_0031,거문도,34.028333,127.308889,거문도,34.0014,127.5014,17.58
DT_0032,강화대교,37.731944,126.522222,볼음도,37.6128,126.1347,35.53
DT_0034,안흥,36.673611,126.132222,안흥,36.67,126.135,0.32
DT_0035,흑산도,34.684167,125.435556,대흑산도,34.683889,125.435833,0.04
DT_0036,대청도,37.825222,124.718056,백령도,37.9556,124.7361,14.53
DT_0037,어청도,36.117222,125.984722,어청도,36.1169,125.9847,0.04
DT_0038,굴업도,37.194444,125.995,덕적도,37.2361,126.0188,4.86
DT_0039,왕돌초,36.719167,129.7325,왕돌초,36.71667,129.735,0.32
DT_0040,독도,37.238889,131.867222,독도,37.2373,131.8697,0.28
DT_0041,복사초,34.098333,126.168333,조도,34.286,126.115,21.49
DT_0042,교본초,34.704722,128.306389,교본초,34.70167,128.31,0.36
DT_0043,영흥도,37.238611,126.428611,영흥도,37.2367,126.4314,0.26
DT_0044,영종대교,37.545556,126.584444,인천(송도),37.3381,126.5861,23.05
DT_0045,격렬비열도,36.624369,125.561964,외연도,36.25,125.75,44.37
DT_0046,쌍정초,37.556161,130.939211,혈암,37.5412,130.8542,7.42
DT_0047,도농탄,33.158056,126.274722,가파도,33.1623,126.2642,0.94
DT_0048,속초등표,38.199478,128.613083,속초,38.204444,128.596667,1.43
DT_0049,광양,34.903672,127.754836,광양,34.90342,127.75483,0.03
DT_0050,태안,36.913056,126.238889,태안,36.9133,126.2386,0.03
DT_0051,서천마량,36.128889,126.495278,서천(마량),36.1286,126.4956,0.04
DT_0052,인천송도,37.338056,126.586111,인천(송도),37.3381,126.5861,0.01
DT_0054,진해,35.147222,128.643056,진해군항,35.14722,128.64306,0
DT_0056,부산항신항,35.0775,128.784722,부산신항,35.0744,128.7869,0.38
DT_0057,동해항,37.494722,129.143889,묵호,37.5475,129.118611,5.95
DT_0058,경인항,37.560833,126.601111,인천(송도),37.3381,126.5861,24.69
DT_0059,백령도,37.95565,124.736081,백령도,37.9556,124.7361,0.01
DT_0060,연평도,37.657669,125.714417,연평도,37.619444,125.648333,6.64
DT_0061,삼천포,34.924167,128.069722,삼천포,34.924056,128.069722,0.01
DT_0062,마산,35.1975,128.576389,마산,35.196944,128.58,0.31
DT_0063,가덕도,35.024178,128.810933,가덕도,35.021667,128.813056,0.26
DT_0064,교동대교,37.789611,126.339611,볼음도,37.6128,126.1347,27.53
DT_0065,덕적도,37.226333,126.156556,덕적도,37.2361,126.0188,11.96
DT_0067,안흥,36.674639,126.129556,안흥,36.67,126.135,0.54
DT_0068,위도,35.618084,126.301816,위도,35.6153,126.3039,0.34
DT_0091,포항,36.051777,129.376277,포항,36.35,129.7833,47.38
DT_0092,여호항,34.661944,127.469167,고흥,34.476667,127.3475,23.59
DT_0093,소무의도,37.373069,126.440066,영흥도,37.2367,126.4314,15.18
DT_0094,서거차도,34.251422,125.91545,맹골수도,34.2263,125.9537,4.19
