Code,Name,Latitude,Longitude,nx,ny
SO_0326,미조항,34.706389,128.048611,89,68
SO_0536,덕적도,37.227778,126.157778,53,119
SO_0537,벽파진,34.539444,126.346111,57,67
SO_0538,안마도,35.345556,126.016111,50,80
SO_0539,강화외포,37.700833,126.3725,56,129
SO_0540,호산항,37.176111,129.342778,104,115
SO_0543,서거차도,34.253611,125.917778,48,61
SO_0547,말도,35.855278,126.318333,55,94
SO_0548,우이도,34.620556,125.856667,47,67
SO_0550,나로도,34.463056,127.453889,78,65
SO_0551,여서도,33.988056,126.923333,68,53
SO_0552,고현항,34.901944,128.622222,96,75
SO_0553,해운대,35.1602777777778,129.1915,100,80
SO_0554,영종왕산,37.458056,126.358889,55,125
SO_0555,서망항,34.366667,126.134167,52,63
SO_0562,승봉도,37.169722,126.290556,55,117
SO_0563,울도,37.035556,125.995,50,114
SO_0564,국화도,37.060556,126.560556,59,114
SO_0565,향화도항,35.167778,126.359444,56,77
SO_0566,송공항,34.848333,126.225278,54,72
SO_0567,쉬미항,34.504722,126.183611,53,66
SO_0568,백야도,34.624444,127.632222,81,67
SO_0569,남포항,34.957778,128.321667,91,75
SO_0570,광암항,35.1025,128.498889,94,78
SO_0571,거제외포,34.939444,128.718056,98,75
SO_0572,읍천항,35.690833,129.475556,105,90
SO_0573,양포항,35.881389,129.5275,106,94
SO_0574,백사장항,36.586389,126.315,56,105
SO_0576,화봉리,34.661111,126.256944,55,68
SO_0577,가거도,34.050833,125.128889,35,55
SO_0578,소매물도,34.621944,128.548056,95,66
SO_0581,강양항,35.39,129.344722,102,85
SO_0631,암태도,34.853056,126.071389,51,72
SO_0699,천리포항,36.803889,126.146944,52,110
SO_0701,홍도항,34.681111,125.195,37,68
SO_0702,진도옥도,34.350833,126.018611,50,62
SO_0703,땅끝항,34.298889,126.531111,60,59
SO_0704,소안항,34.15,126.631944,62,56
SO_0705,마량항,34.448889,126.821944,65,63
SO_0706,청산도,34.180833,126.856111,66,56
SO_0707,시산항,34.394444,127.261667,74,61
SO_0708,안도항,34.479722,127.797778,83,64
SO_0709,두문포,34.643611,127.7975,84,68
SO_0710,봉우항,34.932778,127.9275,86,74
SO_0711,창선도,34.840556,128.019444,88,72
SO_0712,능양항,34.812222,128.245,91,71
SO_0731,대진항,38.501389,128.426167,94,138
SO_0732,남애항,37.944222,128.788333,99,129
SO_0733,강릉항,37.772278,128.951333,102,126
SO_0734,궁촌항,37.327806,129.270028,104,119
SO_0735,죽변항,37.054833,129.423917,106,113
SO_0736,축산항,36.509944,129.448139,105,103
SO_0737,강구항,36.358583,129.391306,104,100
SO_0738,여호항,34.661556,127.469556,78,68
SO_0739,도장항,34.367306,127.011972,69,60
SO_0740,보옥항,34.129,126.513556,60,55
SO_0752,검산항,35.0,126.107778,51,74
SO_0753,하의도웅곡,34.608333,126.038611,50,66
SO_0754,평호리,34.448056,126.455,58,64
SO_0755,원동항,34.393889,126.648611,62,61
SO_0756,사초항,34.470278,126.761111,64,64
SO_0757,안남리,34.730278,127.264444,74,70
SO_0758,달천도,34.761667,127.563056,80,71
SO_0759,장문리,34.873611,128.424167,93,74
SO_0760,오산항,36.888889,129.416111,105,109
SO_0761,녹동항,34.527028,127.134528,72,65
DT_0001,인천,37.451944,126.592222,58,125
DT_0002,평택,36.966944,126.822778,63,112
DT_0003,영광,35.426111,126.420556,57,82
DT_0004,제주,33.5275,126.543056,53,38
DT_0005,부산,35.096389,129.035278,98,77
DT_0006,��호,37.550278,129.116389,102,123
DT_0007,목포,34.7797222222222,126.375556,57,71
DT_0008,안산,37.192222,126.647222,60,118
DT_0009,포항,36.0472222222222,129.383888888889,102,95
DT_0010,서귀포,33.24,126.561667,52,33
DT_0011,후포,36.6775,129.453056,106,106
DT_0012,속초,38.207222,128.594167,96,134
DT_0013,울릉도,37.491389,130.913611,127,127
DT_0014,통영,34.827778,128.434722,93,72
DT_0015,마산,35.21,128.588889,95,81
DT_0016,여수,34.747222,127.765556,83,70
DT_0017,대산,37.0075,126.352778,56,113
DT_0018,군산,35.975556,126.563056,58,97
DT_0019,가덕도,35.024167,128.810833,99,74
DT_0020,울산,35.501944,129.387222,103,87
DT_0021,추자도,33.961944,126.300278,54,51
DT_0022,성산포,33.474722,126.927778,60,37
DT_0023,모슬포,33.214444,126.251111,48,32
DT_0024,장항,36.006944,126.6875,60,98
DT_0025,보령,36.406389,126.486111,58,102
DT_0026,고흥발포,34.481111,127.342778,76,64
DT_0027,완도,34.315556,126.759722,64,59
DT_0028,진도,34.377778,126.308611,56,63
DT_0029,거제도,34.801389,128.699167,97,71
DT_0030,위도,35.618056,126.301667,55,87
DT_0031,거문도,34.028333,127.308889,74,53
DT_0032,강화대교,37.731944,126.522222,58,129
DT_0034,안흥,36.673611,126.132222,52,107
DT_0035,흑산도,34.684167,125.435556,41,68
DT_0036,대청도,37.825222,124.718056,39,131
DT_0037,어청도,36.117222,125.984722,50,99
DT_0038,굴업도,37.194444,125.995,50,118
DT_0039,왕돌초,36.7191666666667,129.7325,110,106
DT_0040,독도,37.238889,131.867222,146,123
DT_0041,복사초,34.0983333333333,126.168333333333,52,56
DT_0042,교본초,34.7047222222222,128.306388888889,91,68
DT_0043,영흥도,37.2386111111111,126.428611111111,57,120
DT_0044,��종대교,37.545556,126.584444,58,127
DT_0045,격렬비열도,36.624369,125.561964,44,106
DT_0046,쌍정초,37.556161,130.939211,128,128
DT_0047,도농탄,33.158056,126.274722,49,31
DT_0048,속초등표,38.199478,128.613083,96,134
DT_0049,광양,34.903672,127.754836,83,74
DT_0050,태안,36.9130555555556,126.238888888889,54,111
DT_0051,서천마량,36.1288888888889,126.495277777778,58,99
DT_0052,인천송도,37.3380555555556,126.586111111111,58,122
DT_0054,진해,35.147222,128.643056,96,79
DT_0056,부산항신항,35.0775,128.784722,98,76
DT_0057,동해항,37.494722,129.143889,103,122
DT_0058,경인항,37.560833,126.601111,59,127
DT_0059,백령도,37.95565,124.736081,40,134
DT_0060,연평도,37.657669,125.714417,47,128
DT_0061,삼천포,34.924167,128.069722,89,74
DT_0062,마산,35.1975,128.576389,95,80
DT_0063,가덕도,35.024178,128.810933,99,74
DT_0064,교동대교,37.789611,126.339611,55,131
DT_0065,덕적도,37.226333,126.156556,53,119
DT_0067,안흥,36.6746388888889,126.129555555556,52,107
DT_0068,위도,35.6180844444444,126.301815833333,55,87
DT_0091,포항,36.051777,129.376277,102,95
DT_0092,여호항,34.661944,127.469167,78,68
DT_0093,소무의도,37.373069,126.440066,56,123
DT_0094,서거차도,34.25142222,125.915449999,48,61
